pred_bin,rmse
0,2.024782774010852
1,2.0834360982844817
2,2.053345826219395
3,2.01609507399486
4,2.0420601731512047
5,2.0091200879459947
6,2.1367867081836667
7,2.0378678570890214
8,2.021737412192806
9,2.020633180541663
